Scenario_Full_List,Scenario,ClimateScenario,ClimateGroup,HarvestScenario,HarvestScenario_FullName,Replicate
CR_BNU_AccelHarv_Rep1,CR_BNU_AccelHarv,BNU,ClimateChange,AccelHarv,Accelerated_Harvest,1
CR_CurClim_AccelHarv_Rep1,CR_CurClim_AccelHarv,Historic,HistoricClimate,AccelHarv,Accelerated_Harvest,1
CR_MRI_AccelHarv_Rep1,CR_MRI_AccelHarv,MRI,ClimateChange,AccelHarv,Accelerated_Harvest,1
CR_CanESM_AccelHarv_Rep1,CR_CanESM_AccelHarv,CanESM,ClimateChange,AccelHarv,Accelerated_Harvest,1
CR_CCSM_AccelHarv_Rep1,CR_CCSM_AccelHarv,CCSM,ClimateChange,AccelHarv,Accelerated_Harvest,1
CR_NorESM_AccelHarv_Rep1,CR_NorESM_AccelHarv,NorESM,ClimateChange,AccelHarv,Accelerated_Harvest,1
CR_BNU_CurHarv_Rep1,CR_BNU_CurHarv,BNU,ClimateChange,Current,BAU,1
CR_BNU_CurHarv_Rep2,CR_BNU_CurHarv,BNU,ClimateChange,Current,BAU,2
CR_BNU_CurHarv_Rep3,CR_BNU_CurHarv,BNU,ClimateChange,Current,BAU,3
CR_BNU_CurHarv_Rep4,CR_BNU_CurHarv,BNU,ClimateChange,Current,BAU,4
CR_BNU_CurHarv_Rep5,CR_BNU_CurHarv,BNU,ClimateChange,Current,BAU,5
CR_BNU_CurHarv_Rep6,CR_BNU_CurHarv,BNU,ClimateChange,Current,BAU,6
CR_BNU_CurHarv_Rep7,CR_BNU_CurHarv,BNU,ClimateChange,Current,BAU,7
CR_BNU_CurHarv_Rep8,CR_BNU_CurHarv,BNU,ClimateChange,Current,BAU,8
CR_BNU_CurHarv_Rep9,CR_BNU_CurHarv,BNU,ClimateChange,Current,BAU,9
CR_BNU_CurHarv_Rep10,CR_BNU_CurHarv,BNU,ClimateChange,Current,BAU,10
CR_CurClim_CurHarv_Rep1,CR_CurClim_CurHarv,Historic,HistoricClimate,Current,BAU,1
CR_CurClim_CurHarv_Rep2,CR_CurClim_CurHarv,Historic,HistoricClimate,Current,BAU,2
CR_CurClim_CurHarv_Rep3,CR_CurClim_CurHarv,Historic,HistoricClimate,Current,BAU,3
CR_CurClim_CurHarv_Rep4,CR_CurClim_CurHarv,Historic,HistoricClimate,Current,BAU,4
CR_CurClim_CurHarv_Rep5,CR_CurClim_CurHarv,Historic,HistoricClimate,Current,BAU,5
CR_CurClim_CurHarv_Rep6,CR_CurClim_CurHarv,Historic,HistoricClimate,Current,BAU,6
CR_CurClim_CurHarv_Rep7,CR_CurClim_CurHarv,Historic,HistoricClimate,Current,BAU,7
CR_CurClim_CurHarv_Rep8,CR_CurClim_CurHarv,Historic,HistoricClimate,Current,BAU,8
CR_CurClim_CurHarv_Rep9,CR_CurClim_CurHarv,Historic,HistoricClimate,Current,BAU,9
CR_CurClim_CurHarv_Rep10,CR_CurClim_CurHarv,Historic,HistoricClimate,Current,BAU,10
CR_MRI_CurHarv_Rep1,CR_MRI_CurHarv,MRI,ClimateChange,Current,BAU,1
CR_MRI_CurHarv_Rep2,CR_MRI_CurHarv,MRI,ClimateChange,Current,BAU,2
CR_MRI_CurHarv_Rep3,CR_MRI_CurHarv,MRI,ClimateChange,Current,BAU,3
CR_MRI_CurHarv_Rep4,CR_MRI_CurHarv,MRI,ClimateChange,Current,BAU,4
CR_MRI_CurHarv_Rep5,CR_MRI_CurHarv,MRI,ClimateChange,Current,BAU,5
CR_MRI_CurHarv_Rep6,CR_MRI_CurHarv,MRI,ClimateChange,Current,BAU,6
CR_MRI_CurHarv_Rep7,CR_MRI_CurHarv,MRI,ClimateChange,Current,BAU,7
CR_MRI_CurHarv_Rep8,CR_MRI_CurHarv,MRI,ClimateChange,Current,BAU,8
CR_MRI_CurHarv_Rep9,CR_MRI_CurHarv,MRI,ClimateChange,Current,BAU,9
CR_MRI_CurHarv_Rep10,CR_MRI_CurHarv,MRI,ClimateChange,Current,BAU,10
CR_CanESM_CurHarv_Rep1,CR_CanESM_CurHarv,CanESM,ClimateChange,Current,BAU,1
CR_CanESM_CurHarv_Rep2,CR_CanESM_CurHarv,CanESM,ClimateChange,Current,BAU,2
CR_CanESM_CurHarv_Rep3,CR_CanESM_CurHarv,CanESM,ClimateChange,Current,BAU,3
CR_CanESM_CurHarv_Rep4,CR_CanESM_CurHarv,CanESM,ClimateChange,Current,BAU,4
CR_CanESM_CurHarv_Rep5,CR_CanESM_CurHarv,CanESM,ClimateChange,Current,BAU,5
CR_CanESM_CurHarv_Rep6,CR_CanESM_CurHarv,CanESM,ClimateChange,Current,BAU,6
CR_CanESM_CurHarv_Rep7,CR_CanESM_CurHarv,CanESM,ClimateChange,Current,BAU,7
CR_CanESM_CurHarv_Rep8,CR_CanESM_CurHarv,CanESM,ClimateChange,Current,BAU,8
CR_CanESM_CurHarv_Rep9,CR_CanESM_CurHarv,CanESM,ClimateChange,Current,BAU,9
CR_CanESM_CurHarv_Rep10,CR_CanESM_CurHarv,CanESM,ClimateChange,Current,BAU,10
CR_CCSM_CurHarv_Rep1,CR_CCSM_CurHarv,CCSM,ClimateChange,Current,BAU,1
CR_CCSM_CurHarv_Rep2,CR_CCSM_CurHarv,CCSM,ClimateChange,Current,BAU,2
CR_CCSM_CurHarv_Rep3,CR_CCSM_CurHarv,CCSM,ClimateChange,Current,BAU,3
CR_CCSM_CurHarv_Rep4,CR_CCSM_CurHarv,CCSM,ClimateChange,Current,BAU,4
CR_CCSM_CurHarv_Rep5,CR_CCSM_CurHarv,CCSM,ClimateChange,Current,BAU,5
CR_CCSM_CurHarv_Rep6,CR_CCSM_CurHarv,CCSM,ClimateChange,Current,BAU,6
CR_CCSM_CurHarv_Rep7,CR_CCSM_CurHarv,CCSM,ClimateChange,Current,BAU,7
CR_CCSM_CurHarv_Rep8,CR_CCSM_CurHarv,CCSM,ClimateChange,Current,BAU,8
CR_CCSM_CurHarv_Rep9,CR_CCSM_CurHarv,CCSM,ClimateChange,Current,BAU,9
CR_CCSM_CurHarv_Rep10,CR_CCSM_CurHarv,CCSM,ClimateChange,Current,BAU,10
CR_NorESM_CurHarv_Rep1,CR_NorESM_CurHarv,NorESM,ClimateChange,Current,BAU,1
CR_NorESM_CurHarv_Rep2,CR_NorESM_CurHarv,NorESM,ClimateChange,Current,BAU,2
CR_NorESM_CurHarv_Rep3,CR_NorESM_CurHarv,NorESM,ClimateChange,Current,BAU,3
CR_NorESM_CurHarv_Rep4,CR_NorESM_CurHarv,NorESM,ClimateChange,Current,BAU,4
CR_NorESM_CurHarv_Rep5,CR_NorESM_CurHarv,NorESM,ClimateChange,Current,BAU,5
CR_NorESM_CurHarv_Rep6,CR_NorESM_CurHarv,NorESM,ClimateChange,Current,BAU,6
CR_NorESM_CurHarv_Rep7,CR_NorESM_CurHarv,NorESM,ClimateChange,Current,BAU,7
CR_NorESM_CurHarv_Rep8,CR_NorESM_CurHarv,NorESM,ClimateChange,Current,BAU,8
CR_NorESM_CurHarv_Rep9,CR_NorESM_CurHarv,NorESM,ClimateChange,Current,BAU,9
CR_NorESM_CurHarv_Rep10,CR_NorESM_CurHarv,NorESM,ClimateChange,Current,BAU,10
CR_BNU_EcolFor_Rep1,CR_BNU_EcolFor,BNU,ClimateChange,EcolFor,Ecological_Forestry,1
CR_CurClim_EcolFor_Rep1,CR_CurClim_EcolFor,Historic,HistoricClimate,EcolFor,Ecological_Forestry,1
CR_MRI_EcolFor_Rep1,CR_MRI_EcolFor,MRI,ClimateChange,EcolFor,Ecological_Forestry,1
CR_CanESM_EcolFor_Rep1,CR_CanESM_EcolFor,CanESM,ClimateChange,EcolFor,Ecological_Forestry,1
CR_CCSM_EcolFor_Rep1,CR_CCSM_EcolFor,CCSM,ClimateChange,EcolFor,Ecological_Forestry,1
CR_NorESM_EcolFor_Rep1,CR_NorESM_EcolFor,NorESM,ClimateChange,EcolFor,Ecological_Forestry,1
CR_CurClim_LowHarv_Rep1,CR_CurClim_LowHarv,Historic,HistoricClimate,LowHarv,Low_Harvest,1
